emoji,count,tokens,mult
face with tears of joy,332059305,facexwithxtearsxofxjoy,multfacexwithxtearsxofxjoy
heavy black heart,171566133,heavyxblackxheart,multheavyxblackxheart
face throwing a kiss,122353058,facexthrowingxaxkiss,multfacexthrowingxaxkiss
smiling face with heart shaped eyes,87122195,smilingxfacexwithxheartxshapedxeyes,multsmilingxfacexwithxheartxshapedxeyes
rolling on the floor laughing,52003805,rollingxonxthexfloorxlaughing,multrollingxonxthexfloorxlaughing
loudly crying face,36265893,loudlyxcryingxface,multloudlyxcryingxface
thumbs up sign,33782921,thumbsxupxsign,multthumbsxupxsign
smiling face with smiling eyes,31525885,smilingxfacexwithxsmilingxeyes,multsmilingxfacexwithxsmilingxeyes
kiss mark,31244729,kissxmark,multkissxmark
beaming face with smiling eyes,26749778,beamingxfacexwithxsmilingxeyes,multbeamingxfacexwithxsmilingxeyes
white smiling face,22909409,whitexsmilingxface,multwhitexsmilingxface
winking face,21675216,winkingxface,multwinkingxface
see no evil monkey,21200277,seexnoxevilxmonkey,multseexnoxevilxmonkey
smiling face with open mouth and cold sweat,19308775,smilingxfacexwithxopenxmouthxandxcoldxsweat,multsmilingxfacexwithxopenxmouthxandxcoldxsweat
pensive face,18260428,pensivexface,multpensivexface
face with rolling eyes,17770958,facexwithxrollingxeyes,multfacexwithxrollingxeyes
person with folded hands,17209254,personxwithxfoldedxhands,multpersonxwithxfoldedxhands
face with stuck out tongue and winking eye,16889612,facexwithxstuckxoutxtonguexandxwinkingxeye,multfacexwithxstuckxoutxtonguexandxwinkingxeye
smirking face,15507229,smirkingxface,multsmirkingxface
weary face,14508228,wearyxface,multwearyxface
clapping hands sign,14355540,clappingxhandsxsign,multclappingxhandsxsign
flushed face,14276599,flushedxface,multflushedxface
two hearts,12871802,twoxhearts,multtwoxhearts
ok hand sign,11397296,okxhandxsign,multokxhandxsign
blue heart,9976427,bluexheart,multbluexheart
sparkling heart,9858098,sparklingxheart,multsparklingxheart
hugging face,9279724,huggingxface,multhuggingxface
thinking face,8982326,thinkingxface,multthinkingxface
ring,8525827,ring,multring
smiling face with smiling eyes and three hearts,8401118,smilingxfacexwithxsmilingxeyesxandxthreexhearts,multsmilingxfacexwithxsmilingxeyesxandxthreexhearts
purple heart,8204882,purplexheart,multpurplexheart
face savouring delicious food,8105994,facexsavouringxdeliciousxfood,multfacexsavouringxdeliciousxfood
unamused face,7948892,unamusedxface,multunamusedxface
relieved face,7563556,relievedxface,multrelievedxface
grinning face with smiling eyes,7398448,grinningxfacexwithxsmilingxeyes,multgrinningxfacexwithxsmilingxeyes
smiling face with open mouth and tightly closed eyes,7232809,smilingxfacexwithxopenxmouthxandxtightlyxclosedxeyes,multsmilingxfacexwithxopenxmouthxandxtightlyxclosedxeyes
pouting face,7012482,poutingxface,multpoutingxface
face screaming in fear,6972278,facexscreamingxinxfear,multfacexscreamingxinxfear
face palm,6955800,facexpalm,multfacexpalm
growing heart,6901741,growingxheart,multgrowingxheart
smiling face with smiling eyes and hand covering mouth,6579894,smilingxfacexwithxsmilingxeyesxandxhandxcoveringxmouth,multsmilingxfacexwithxsmilingxeyesxandxhandxcoveringxmouth
party popper,6524445,partyxpopper,multpartyxpopper
heart with arrow,6385904,heartxwithxarrow,multheartxwithxarrow
fire,6310250,fire,multfire
smiling face with sunglasses,6072716,smilingxfacexwithxsunglasses,multsmilingxfacexwithxsunglasses
revolving hearts,5959469,revolvingxhearts,multrevolvingxhearts
kissing face with closed eyes,5531113,kissingxfacexwithxclosedxeyes,multkissingxfacexwithxclosedxeyes
grinning face with one large and one small eye,5475173,grinningxfacexwithxonexlargexandxonexsmallxeye,multgrinningxfacexwithxonexlargexandxonexsmallxeye
crying face,5358714,cryingxface,multcryingxface
face with stuck out tongue and tightly closed eyes,5318862,facexwithxstuckxoutxtonguexandxtightlyxclosedxeyes,multfacexwithxstuckxoutxtonguexandxtightlyxclosedxeyes
broken heart,5141302,brokenxheart,multbrokenxheart
person raising both hands in celebration,5092739,personxraisingxbothxhandsxinxcelebration,multpersonxraisingxbothxhandsxinxcelebration
shrug,5077082,shrug,multshrug
flexed biceps,5019772,flexedxbiceps,multflexedxbiceps
yellow heart,4989194,yellowxheart,multyellowxheart
upside down face,4843581,upsidexdownxface,multupsidexdownxface
smiling face with open mouth,4722513,smilingxfacexwithxopenxmouth,multsmilingxfacexwithxopenxmouth
black heart suit,4706812,blackxheartxsuit,multblackxheartxsuit
smiling face with halo,4667543,smilingxfacexwithxhalo,multsmilingxfacexwithxhalo
reversed hand with middle finger extended,4619816,reversedxhandxwithxmiddlexfingerxextended,multreversedxhandxwithxmiddlexfingerxextended
rose,4448090,rose,multrose
slightly smiling face,4144886,slightlyxsmilingxface,multslightlyxsmilingxface
sleeping face,3886737,sleepingxface,multsleepingxface
heavy heart exclamation mark ornament,3865390,heavyxheartxexclamationxmarkxornament,multheavyxheartxexclamationxmarkxornament
drooling face,3834642,droolingxface,multdroolingxface
green heart,3825413,greenxheart,multgreenxheart
grimacing face,3812782,grimacingxface,multgrimacingxface
black heart,3685672,blackxheart,multblackxheart
eyes,3679584,eyes,multeyes
speak no evil monkey,3528146,speakxnoxevilxmonkey,multspeakxnoxevilxmonkey
grinning face,3436412,grinningxface,multgrinningxface
white frowning face,3363535,whitexfrowningxface,multwhitexfrowningxface
disappointed face,3357247,disappointedxface,multdisappointedxface
victory hand,3242651,victoryxhand,multvictoryxhand
tired face,3207009,tiredxface,multtiredxface
smiling face with horns,3144243,smilingxfacexwithxhorns,multsmilingxfacexwithxhorns
grinning face with star eyes,3119110,grinningxfacexwithxstarxeyes,multgrinningxfacexwithxstarxeyes
birthday cake,3034278,birthdayxcake,multbirthdayxcake
face with pleading eyes,3010011,facexwithxpleadingxeyes,multfacexwithxpleadingxeyes
face with stuck out tongue,2968388,facexwithxstuckxoutxtongue,multfacexwithxstuckxoutxtongue
confused face,2906084,confusedxface,multconfusedxface
beating heart,2870532,beatingxheart,multbeatingxheart
expressionless face,2839513,expressionlessxface,multexpressionlessxface
splashing sweat symbol,2739501,splashingxsweatxsymbol,multsplashingxsweatxsymbol
dancer,2708694,dancer,multdancer
smiling cat face with heart shaped eyes,2630326,smilingxcatxfacexwithxheartxshapedxeyes,multsmilingxcatxfacexwithxheartxshapedxeyes
nerd face,2479037,nerdxface,multnerdxface
tongue,2465845,tongue,multtongue
cat face with tears of joy,2436208,catxfacexwithxtearsxofxjoy,multcatxfacexwithxtearsxofxjoy
hundred points symbol,2308062,hundredxpointsxsymbol,multhundredxpointsxsymbol
fisted hand sign,2261417,fistedxhandxsign,multfistedxhandxsign
heart with ribbon,2208647,heartxwithxribbon,multheartxwithxribbon
kiss woman man,2189551,kissxwomanxman,multkissxwomanxman
waving hand sign,2137564,wavingxhandxsign,multwavingxhandxsign
balloon,2100959,balloon,multballoon
neutral face,2094953,neutralxface,multneutralxface
hand with index and middle fingers crossed,2057450,handxwithxindexxandxmiddlexfingersxcrossed,multhandxwithxindexxandxmiddlexfingersxcrossed
sparkles,2056876,sparkles,multsparkles
face with look of triumph,2022483,facexwithxlookxofxtriumph,multfacexwithxlookxofxtriumph
pile of poo,1968693,pilexofxpoo,multpilexofxpoo
skull,1959730,skull,multskull
sun,1926520,sun,multsun
slightly frowning face,1850124,slightlyxfrowningxface,multslightlyxfrowningxface
cherry blossom,1802167,cherryxblossom,multcherryxblossom
face with cold sweat,1775927,facexwithxcoldxsweat,multfacexwithxcoldxsweat
confetti ball,1756608,confettixball,multconfettixball
sleepy face,1743162,sleepyxface,multsleepyxface
wrapped present,1740356,wrappedxpresent,multwrappedxpresent
face with finger covering closed lips,1572087,facexwithxfingerxcoveringxclosedxlips,multfacexwithxfingerxcoveringxclosedxlips
happy person raising one hand,1528658,happyxpersonxraisingxonexhand,multhappyxpersonxraisingxonexhand
information desk person,1525872,informationxdeskxperson,multinformationxdeskxperson
couple with heart woman man,1520372,couplexwithxheartxwomanxman,multcouplexwithxheartxwomanxman
kissing face with smiling eyes,1511745,kissingxfacexwithxsmilingxeyes,multkissingxfacexwithxsmilingxeyes
face with open mouth and cold sweat,1488917,facexwithxopenxmouthxandxcoldxsweat,multfacexwithxopenxmouthxandxcoldxsweat
hibiscus,1449692,hibiscus,multhibiscus
bouquet,1448106,bouquet,multbouquet
confounded face,1356522,confoundedxface,multconfoundedxface
heart decoration,1340508,heartxdecoration,multheartxdecoration
bottle with popping cork,1321944,bottlexwithxpoppingxcork,multbottlexwithxpoppingxcork
call me hand,1280343,callxmexhand,multcallxmexhand
sign of the horns,1267160,signxofxthexhorns,multsignxofxthexhorns
face with party horn and party hat,1207712,facexwithxpartyxhornxandxpartyxhat,multfacexwithxpartyxhornxandxpartyxhat
shocked face with exploding head,1195879,shockedxfacexwithxexplodingxhead,multshockedxfacexwithxexplodingxhead
serious face with symbols covering mouth,1194017,seriousxfacexwithxsymbolsxcoveringxmouth,multseriousxfacexwithxsymbolsxcoveringxmouth
orange heart,1189327,orangexheart,multorangexheart
nauseated face,1188381,nauseatedxface,multnauseatedxface
money mouth face,1177697,moneyxmouthxface,multmoneyxmouthxface
multiple musical notes,1157675,multiplexmusicalxnotes,multmultiplexmusicalxnotes
new moon with face,1143613,newxmoonxwithxface,multnewxmoonxwithxface
disappointed but relieved face,1090408,disappointedxbutxrelievedxface,multdisappointedxbutxrelievedxface
persevering face,1054246,perseveringxface,multperseveringxface
thumbs down sign,1040946,thumbsxdownxsign,multthumbsxdownxsign
clinking beer mugs,1024965,clinkingxbeerxmugs,multclinkingxbeerxmugs
white up pointing backhand index,1021451,whitexupxpointingxbackhandxindex,multwhitexupxpointingxbackhandxindex
kissing face,1020673,kissingxface,multkissingxface
face with monocle,987637,facexwithxmonocle,multfacexwithxmonocle
face with open mouth vomiting,986949,facexwithxopenxmouthxvomiting,multfacexwithxopenxmouthxvomiting
face with medical mask,961214,facexwithxmedicalxmask,multfacexwithxmedicalxmask
dog face,955004,dogxface,multdogxface
unicorn face,951288,unicornxface,multunicornxface
four leaf clover,941764,fourxleafxclover,multfourxleafxclover
crown,922612,crown,multcrown
tulip,921492,tulip,multtulip
man and woman holding hands,905588,manxandxwomanxholdingxhands,multmanxandxwomanxholdingxhands
zipper mouth face,900186,zipperxmouthxface,multzipperxmouthxface
clinking glasses,898773,clinkingxglasses,multclinkingxglasses
aubergine,897240,aubergine,multaubergine
worried face,880120,worriedxface,multworriedxface
clown face,868358,clownxface,multclownxface
closed lock with key,860801,closedxlockxwithxkey,multclosedxlockxwithxkey
beer mug,826747,beerxmug,multbeerxmug
cross mark,822894,crossxmark,multcrossxmark
double exclamation mark,818041,doublexexclamationxmark,multdoublexexclamationxmark
wine glass,815875,winexglass,multwinexglass
collision symbol,813978,collisionxsymbol,multcollisionxsymbol
pistol,807338,pistol,multpistol
face without mouth,804489,facexwithoutxmouth,multfacexwithoutxmouth
white medium star,780610,whitexmediumxstar,multwhitexmediumxstar
runner,774963,runner,multrunner
overheated face,761703,overheatedxface,multoverheatedxface
peach,744869,peach,multpeach
pig face,717379,pigxface,multpigxface
ghost,716242,ghost,multghost
white up pointing index,711198,whitexupxpointingxindex,multwhitexupxpointingxindex
raised fist,688486,raisedxfist,multraisedxfist
face with open mouth,681304,facexwithxopenxmouth,multfacexwithxopenxmouth
rainbow,674878,rainbow,multrainbow
fearful face,673142,fearfulxface,multfearfulxface
gem stone,672256,gemxstone,multgemxstone
face with one eyebrow raised,666839,facexwithxonexeyebrowxraised,multfacexwithxonexeyebrowxraised
white right pointing backhand index,662286,whitexrightxpointingxbackhandxindex,multwhitexrightxpointingxbackhandxindex
dizzy face,658758,dizzyxface,multdizzyxface
heavy check mark,655021,heavyxcheckxmark,multheavyxcheckxmark
hot beverage,647961,hotxbeverage,multhotxbeverage
princess,637871,princess,multprincess
snowflake,635016,snowflake,multsnowflake
sunflower,629251,sunflower,multsunflower
mouth,628710,mouth,multmouth
christmas tree,625650,christmasxtree,multchristmasxtree
angry face,624716,angryxface,multangryxface
butterfly,623820,butterfly,multbutterfly
face with ok gesture,612756,facexwithxokxgesture,multfacexwithxokxgesture
raised hand,612319,raisedxhand,multraisedxhand
blossom,603949,blossom,multblossom
dizzy symbol,584907,dizzyxsymbol,multdizzyxsymbol
shortcake,577509,shortcake,multshortcake
sneezing face,574594,sneezingxface,multsneezingxface
face with no good gesture,574167,facexwithxnoxgoodxgesture,multfacexwithxnoxgoodxgesture
hear no evil monkey,573363,hearxnoxevilxmonkey,multhearxnoxevilxmonkey
keycap digit zero,573266,keycapxdigitxzero,multkeycapxdigitxzero
face with cowboy hat,563941,facexwithxcowboyxhat,multfacexwithxcowboyxhat
astonished face,557931,astonishedxface,multastonishedxface
woman with bunny ears,556864,womanxwithxbunnyxears,multwomanxwithxbunnyxears
paw prints,554883,pawxprints,multpawxprints
flag for united states,541358,flagxforxunitedxstates,multflagxforxunitedxstates
glowing star,536230,glowingxstar,multglowingxstar
love letter,519894,lovexletter,multlovexletter
sleeping symbol,517876,sleepingxsymbol,multsleepingxsymbol
eye,517661,eye,multeye
dash symbol,501487,dashxsymbol,multdashxsymbol
pedestrian,491791,pedestrian,multpedestrian
first place medal,488401,firstxplacexmedal,multfirstxplacexmedal
face with head bandage,488160,facexwithxheadxbandage,multfacexwithxheadxbandage
anguished face,486167,anguishedxface,multanguishedxface
freezing face,481752,freezingxface,multfreezingxface
white down pointing backhand index,479428,whitexdownxpointingxbackhandxindex,multwhitexdownxpointingxbackhandxindex
skull and crossbones,470386,skullxandxcrossbones,multskullxandxcrossbones
imp,469324,imp,multimp
high voltage sign,465484,highxvoltagexsign,multhighxvoltagexsign
keycap digit one,462705,keycapxdigitxone,multkeycapxdigitxone
baby,461448,baby,multbaby
bear face,456383,bearxface,multbearxface
face with thermometer,449421,facexwithxthermometer,multfacexwithxthermometer
money bag,448042,moneyxbag,multmoneyxbag
soccer ball,446622,soccerxball,multsoccerxball
kissing cat face with closed eyes,445938,kissingxcatxfacexwithxclosedxeyes,multkissingxcatxfacexwithxclosedxeyes
raised hand with fingers splayed,439189,raisedxhandxwithxfingersxsplayed,multraisedxhandxwithxfingersxsplayed
rabbit face,428112,rabbitxface,multrabbitxface
man dancing,426409,manxdancing,multmanxdancing
white heavy check mark,425152,whitexheavyxcheckxmark,multwhitexheavyxcheckxmark
earth globe europe africa,424454,earthxglobexeuropexafrica,multearthxglobexeuropexafrica
baby angel,417939,babyxangel,multbabyxangel
hushed face,414800,hushedxface,multhushedxface
i love you hand sign,410718,ixlovexyouxhandxsign,multixlovexyouxhandxsign
wilted flower,409276,wiltedxflower,multwiltedxflower
weary cat face,404057,wearyxcatxface,multwearyxcatxface
front facing baby chick,400515,frontxfacingxbabyxchick,multfrontxfacingxbabyxchick
top with upwards arrow above,398545,topxwithxupwardsxarrowxabove,multtopxwithxupwardsxarrowxabove
slice of pizza,398240,slicexofxpizza,multslicexofxpizza
nail polish,398186,nailxpolish,multnailxpolish
panda face,396174,pandaxface,multpandaxface
white left pointing backhand index,395939,whitexleftxpointingxbackhandxindex,multwhitexleftxpointingxbackhandxindex
person bowing deeply,387983,personxbowingxdeeply,multpersonxbowingxdeeply
two women holding hands,383666,twoxwomenxholdingxhands,multtwoxwomenxholdingxhands
strawberry,378221,strawberry,multstrawberry
palm tree,372383,palmxtree,multpalmxtree
banana,371647,banana,multbanana
airplane,362483,airplane,multairplane
tropical drink,360650,tropicalxdrink,multtropicalxdrink
handshake,358971,handshake,multhandshake
ribbon,358689,ribbon,multribbon
money with wings,357644,moneyxwithxwings,multmoneyxwithxwings
hocho,356332,hocho,multhocho
cocktail glass,355638,cocktailxglass,multcocktailxglass
face with uneven eyes and wavy mouth,354744,facexwithxunevenxeyesxandxwavyxmouth,multfacexwithxunevenxeyesxandxwavyxmouth
older adult,354105,olderxadult,multolderxadult
heavy exclamation mark symbol,350653,heavyxexclamationxmarkxsymbol,multheavyxexclamationxmarkxsymbol
raised hand with part between middle and ring fingers,346281,raisedxhandxwithxpartxbetweenxmiddlexandxringxfingers,multraisedxhandxwithxpartxbetweenxmiddlexandxringxfingers
couple with heart woman woman,335468,couplexwithxheartxwomanxwoman,multcouplexwithxheartxwomanxwoman
syringe,334580,syringe,multsyringe
sun with face,330252,sunxwithxface,multsunxwithxface
frowning face with open mouth,326043,frowningxfacexwithxopenxmouth,multfrowningxfacexwithxopenxmouth
cat face,321326,catxface,multcatxface
banknote with dollar sign,318213,banknotexwithxdollarxsign,multbanknotexwithxdollarxsign
trophy,318078,trophy,multtrophy
adult,317715,adult,multadult
pig nose,317430,pigxnose,multpigxnose
evergreen tree,317051,evergreenxtree,multevergreenxtree
lion face,314883,lionxface,multlionxface
crescent moon,314852,crescentxmoon,multcrescentxmoon
bomb,313167,bomb,multbomb
cherries,305548,cherries,multcherries
black question mark ornament,305269,blackxquestionxmarkxornament,multblackxquestionxmarkxornament
hatching chick,304035,hatchingxchick,multhatchingxchick
full moon with face,303719,fullxmoonxwithxface,multfullxmoonxwithxface
leaf fluttering in wind,302599,leafxflutteringxinxwind,multleafxflutteringxinxwind
monkey,297941,monkey,multmonkey
keycap digit two,297812,keycapxdigitxtwo,multkeycapxdigitxtwo
frog face,293167,frogxface,multfrogxface
lipstick,290755,lipstick,multlipstick
water wave,287728,waterxwave,multwaterxwave
japanese ogre,286029,japanesexogre,multjapanesexogre
shamrock,285568,shamrock,multshamrock
honeybee,284677,honeybee,multhoneybee
basketball and hoop,282551,basketballxandxhoop,multbasketballxandxhoop
crying cat face,279763,cryingxcatxface,multcryingxcatxface
father christmas,279114,fatherxchristmas,multfatherxchristmas
maple leaf,278046,maplexleaf,multmaplexleaf
thought balloon,275109,thoughtxballoon,multthoughtxballoon
lollipop,274084,lollipop,multlollipop
earth globe americas,273997,earthxglobexamericas,multearthxglobexamericas
child,273841,child,multchild
heavy large circle,272439,heavyxlargexcircle,multheavyxlargexcircle
musical note,270543,musicalxnote,multmusicalxnote
tumbler glass,269188,tumblerxglass,multtumblerxglass
bride with veil,268228,bridexwithxveil,multbridexwithxveil
herb,265386,herb,multherb
footprints,265335,footprints,multfootprints
taco,263300,taco,multtaco
extraterrestrial alien,260501,extraterrestrialxalien,multextraterrestrialxalien
kiss woman woman,257765,kissxwomanxwoman,multkissxwomanxwoman
palms up together,255660,palmsxupxtogether,multpalmsxupxtogether
keycap digit five,253664,keycapxdigitxfive,multkeycapxdigitxfive
speaking head in silhouette,252765,speakingxheadxinxsilhouette,multspeakingxheadxinxsilhouette
face massage,248340,facexmassage,multfacexmassage
bikini,247291,bikini,multbikini
hamburger,246822,hamburger,multhamburger
baby bottle,245305,babyxbottle,multbabyxbottle
snowman,241305,snowman,multsnowman
keycap digit three,239186,keycapxdigitxthree,multkeycapxdigitxthree
tiger face,237197,tigerxface,multtigerxface
cloud with rain,234314,cloudxwithxrain,multcloudxwithxrain
chocolate bar,234065,chocolatexbar,multchocolatexbar
microphone,232456,microphone,multmicrophone
snake,230980,snake,multsnake
watermelon,229640,watermelon,multwatermelon
hot pepper,229291,hotxpepper,multhotxpepper
doughnut,226850,doughnut,multdoughnut
soft ice cream,225578,softxicexcream,multsoftxicexcream
cookie,221769,cookie,multcookie
open hands sign,220629,openxhandsxsign,multopenxhandsxsign
keycap digit six,219871,keycapxdigitxsix,multkeycapxdigitxsix
lying face,219708,lyingxface,multlyingxface
raised back of hand,219071,raisedxbackxofxhand,multraisedxbackxofxhand
jack o lantern,216337,jackxoxlantern,multjackxoxlantern
fallen leaf,215888,fallenxleaf,multfallenxleaf
left facing fist,214630,leftxfacingxfist,multleftxfacingxfist
dove of peace,212474,dovexofxpeace,multdovexofxpeace
monkey face,210151,monkeyxface,multmonkeyxface
turtle,208723,turtle,multturtle
american football,208465,americanxfootball,multamericanxfootball
person with blond hair,205090,personxwithxblondxhair,multpersonxwithxblondxhair
musical score,204514,musicalxscore,multmusicalxscore
keycap digit nine,203570,keycapxdigitxnine,multkeycapxdigitxnine
writing hand,202773,writingxhand,multwritingxhand
grinning cat face with smiling eyes,202352,grinningxcatxfacexwithxsmilingxeyes,multgrinningxcatxfacexwithxsmilingxeyes
rocket,197616,rocket,multrocket
prince,193229,prince,multprince
keycap digit seven,192872,keycapxdigitxseven,multkeycapxdigitxseven
keycap digit eight,191978,keycapxdigitxeight,multkeycapxdigitxeight
keycap digit four,191663,keycapxdigitxfour,multkeycapxdigitxfour
snowman without snow,188784,snowmanxwithoutxsnow,multsnowmanxwithoutxsnow
cactus,187971,cactus,multcactus
pineapple,184489,pineapple,multpineapple
red apple,183655,redxapple,multredxapple
right facing fist,182967,rightxfacingxfist,multrightxfacingxfist
cloud with tornado,181868,cloudxwithxtornado,multcloudxwithxtornado
swimmer,179139,swimmer,multswimmer
french fries,178666,frenchxfries,multfrenchxfries
mouse face,177708,mousexface,multmousexface
camera with flash,176748,cameraxwithxflash,multcameraxwithxflash
smoking symbol,176099,smokingxsymbol,multsmokingxsymbol
deciduous tree,174866,deciduousxtree,multdeciduousxtree
cyclone,174757,cyclone,multcyclone
fish,173988,fish,multfish
droplet,173906,droplet,multdroplet
haircut,172186,haircut,multhaircut
horse face,172169,horsexface,multhorsexface
umbrella with rain drops,171384,umbrellaxwithxrainxdrops,multumbrellaxwithxrainxdrops
dolphin,170681,dolphin,multdolphin
headphone,170531,headphone,multheadphone
pregnant woman,170015,pregnantxwoman,multpregnantxwoman
no one under eighteen symbol,168796,noxonexunderxeighteenxsymbol,multnoxonexunderxeighteenxsymbol
weight lifter,168721,weightxlifter,multweightxlifter
seedling,168522,seedling,multseedling
ear,167759,ear,multear
baseball,167455,baseball,multbaseball
grapes,165791,grapes,multgrapes
hot dog,164174,hotxdog,multhotxdog
flag for turkey,163416,flagxforxturkey,multflagxforxturkey
cloud,162749,cloud,multcloud
automobile,162224,automobile,multautomobile
nose,161943,nose,multnose
crab,161691,crab,multcrab
cheese wedge,161317,cheesexwedge,multcheesexwedge
poultry leg,160791,poultryxleg,multpoultryxleg
smiling cat face with open mouth,160530,smilingxcatxfacexwithxopenxmouth,multsmilingxcatxfacexwithxopenxmouth
lemon,160380,lemon,multlemon
flag for france,159976,flagxforxfrance,multflagxforxfrance
tropical fish,159828,tropicalxfish,multtropicalxfish
spider,159203,spider,multspider
tangerine,159079,tangerine,multtangerine
honey pot,158238,honeyxpot,multhoneyxpot
cat face with wry smile,157814,catxfacexwithxwryxsmile,multcatxfacexwithxwryxsmile
chicken,157808,chicken,multchicken
kiss man man,157714,kissxmanxman,multkissxmanxman
teddy bear,157409,teddyxbear,multteddyxbear
koala,156002,koala,multkoala
spouting whale,155764,spoutingxwhale,multspoutingxwhale
bicyclist,154725,bicyclist,multbicyclist
large red circle,154447,largexredxcircle,multlargexredxcircle
alien monster,152897,alienxmonster,multalienxmonster
popcorn,152247,popcorn,multpopcorn
rainbow flag,151652,rainbowxflag,multrainbowxflag
linked paperclips,151592,linkedxpaperclips,multlinkedxpaperclips
japanese goblin,151575,japanesexgoblin,multjapanesexgoblin
lock,151490,lock,multlock
couple with heart man man,149375,couplexwithxheartxmanxman,multcouplexwithxheartxmanxman
white heart,149135,whitexheart,multwhitexheart
chipmunk,147053,chipmunk,multchipmunk
boxing glove,146775,boxingxglove,multboxingxglove
police cars revolving light,145862,policexcarsxrevolvingxlight,multpolicexcarsxrevolvingxlight
person frowning,144012,personxfrowning,multpersonxfrowning
pill,142887,pill,multpill
mushroom,142133,mushroom,multmushroom
white sun with small cloud,138646,whitexsunxwithxsmallxcloud,multwhitexsunxwithxsmallxcloud
no entry sign,138511,noxentryxsign,multnoxentryxsign
eagle,137724,eagle,multeagle
burrito,137231,burrito,multburrito
banknote with euro sign,135922,banknotexwithxeuroxsign,multbanknotexwithxeuroxsign
squared sos,135919,squaredxsos,multsquaredxsos
fox face,135411,foxxface,multfoxxface
penguin,134766,penguin,multpenguin
earth globe asia australia,133684,earthxglobexasiaxaustralia,multearthxglobexasiaxaustralia
ballot box with check,133110,ballotxboxxwithxcheck,multballotxboxxwithxcheck
flag for italy,132841,flagxforxitaly,multflagxforxitaly
person doing cartwheel,132312,personxdoingxcartwheel,multpersonxdoingxcartwheel
person with pouting face,132055,personxwithxpoutingxface,multpersonxwithxpoutingxface
turkey,131996,turkey,multturkey
bug,131478,bug,multbug
flag for united kingdom,131225,flagxforxunitedxkingdom,multflagxforxunitedxkingdom
candy,131046,candy,multcandy
guitar,130598,guitar,multguitar
ear of rice,128425,earxofxrice,multearxofxrice
warning sign,128351,warningxsign,multwarningxsign
comet,126366,comet,multcomet
exclamation question mark,126191,exclamationxquestionxmark,multexclamationxquestionxmark
coffin,124729,coffin,multcoffin
baby chick,124323,babyxchick,multbabyxchick
fireworks,123086,fireworks,multfireworks
house with garden,122989,housexwithxgarden,multhousexwithxgarden
octopus,120096,octopus,multoctopus
milky way,119632,milkyxway,multmilkyxway
green apple,119504,greenxapple,multgreenxapple
ear of maize,119437,earxofxmaize,multearxofxmaize
airplane departure,118870,airplanexdeparture,multairplanexdeparture
wind blowing face,118317,windxblowingxface,multwindxblowingxface
movie camera,118218,moviexcamera,multmoviexcamera
tomato,117888,tomato,multtomato
high heeled shoe,117867,highxheeledxshoe,multhighxheeledxshoe
wolf face,117779,wolfxface,multwolfxface
graduation cap,117759,graduationxcap,multgraduationxcap
lady beetle,117659,ladyxbeetle,multladyxbeetle
desert island,117525,desertxisland,multdesertxisland
hamster face,116415,hamsterxface,multhamsterxface
thunder cloud and rain,115902,thunderxcloudxandxrain,multthunderxcloudxandxrain
flag for algeria,115242,flagxforxalgeria,multflagxforxalgeria
robot face,114728,robotxface,multrobotxface
elephant,114640,elephant,multelephant
brain,113952,brain,multbrain
cat,112822,cat,multcat
duck,112666,duck,multduck
goat,112336,goat,multgoat
medium white circle,112158,mediumxwhitexcircle,multmediumxwhitexcircle
cooking,112145,cooking,multcooking
avocado,111560,avocado,multavocado
flag for denmark,110615,flagxforxdenmark,multflagxforxdenmark
firework sparkler,110265,fireworkxsparkler,multfireworkxsparkler
cow face,110031,cowxface,multcowxface
fairy,109603,fairy,multfairy
fork and knife with plate,108300,forkxandxknifexwithxplate,multforkxandxknifexwithxplate
crystal ball,107849,crystalxball,multcrystalxball
police officer,107272,policexofficer,multpolicexofficer
pushpin,106373,pushpin,multpushpin
dog,105962,dog,multdog
fork and knife,105734,forkxandxknife,multforkxandxknife
dark sunglasses,105701,darkxsunglasses,multdarkxsunglasses
shopping bags,104720,shoppingxbags,multshoppingxbags
beach with umbrella,104366,beachxwithxumbrella,multbeachxwithxumbrella
performing arts,104157,performingxarts,multperformingxarts
selfie,104039,selfie,multselfie
books,103979,books,multbooks
pouting cat face,103435,poutingxcatxface,multpoutingxcatxface
cloud with snow,103243,cloudxwithxsnow,multcloudxwithxsnow
bath,101867,bath,multbath
recreational vehicle,101122,recreationalxvehicle,multrecreationalxvehicle
mobile phone,100187,mobilexphone,multmobilexphone
black scissors,99804,blackxscissors,multblackxscissors
sheep,99687,sheep,multsheep
sports medal,99025,sportsxmedal,multsportsxmedal
surfer,98709,surfer,multsurfer
direct hit,98583,directxhit,multdirectxhit
dress,98116,dress,multdress
egg,97827,egg,multegg
round pushpin,97810,roundxpushpin,multroundxpushpin
fried shrimp,97754,friedxshrimp,multfriedxshrimp
rooster,97688,rooster,multrooster
merperson,97327,merperson,multmerperson
shooting star,96730,shootingxstar,multshootingxstar
trade mark sign,96496,tradexmarkxsign,multtradexmarkxsign
snail,96437,snail,multsnail
large blue circle,95425,largexbluexcircle,multlargexbluexcircle
flag for morocco,95110,flagxforxmorocco,multflagxforxmorocco
horse,95070,horse,multhorse
tennis racquet and ball,94723,tennisxracquetxandxball,multtennisxracquetxandxball
candle,93255,candle,multcandle
gorilla,93165,gorilla,multgorilla
carrot,93023,carrot,multcarrot
camera,92401,camera,multcamera
downwards black arrow,92252,downwardsxblackxarrow,multdownwardsxblackxarrow
flag for spain,92030,flagxforxspain,multflagxforxspain
sunrise,92019,sunrise,multsunrise
crossed swords,91473,crossedxswords,multcrossedxswords
spaghetti,90900,spaghetti,multspaghetti
key,90671,key,multkey
family man woman girl boy,90421,familyxmanxwomanxgirlxboy,multfamilyxmanxwomanxgirlxboy
studio microphone,89937,studioxmicrophone,multstudioxmicrophone
bread,89593,bread,multbread
volleyball,89432,volleyball,multvolleyball
heavy dollar sign,89297,heavyxdollarxsign,multheavyxdollarxsign
zombie,89287,zombie,
flag for germany,89109,flagxforxgermany,
owl,88585,owl,
man in tuxedo,88138,manxinxtuxedo,
rabbit,87526,rabbit,
two men holding hands,87322,twoxmenxholdingxhands,
umbrella on ground,87234,umbrellaxonxground,
man with turban,87150,manxwithxturban,
bird,87088,bird,
bacon,86617,bacon,
black rightwards arrow,86474,blackxrightwardsxarrow,
family man woman boy,86464,familyxmanxwomanxboy,
anchor,86454,anchor,
heavy minus sign,86160,heavyxminusxsign,
crocodile,86094,crocodile,
family man woman girl,85273,familyxmanxwomanxgirl,
scorpion,84943,scorpion,
ant,84323,ant,
chequered flag,84064,chequeredxflag,
shaved ice,83883,shavedxice,
potato,83657,potato,
spider web,83508,spiderxweb,
fishing pole and fish,82645,fishingxpolexandxfish,
electric light bulb,82332,electricxlightxbulb,
breast feeding,82162,breastxfeeding,
telephone receiver,82106,telephonexreceiver,
trumpet,81054,trumpet,
cucumber,80582,cucumber,
flag for mexico,80499,flagxforxmexico,
mobile phone with rightwards arrow at left,80259,mobilexphonexwithxrightwardsxarrowxatxleft,
spiral shell,80032,spiralxshell,
golfer,79447,golfer,
dagger knife,79287,daggerxknife,
sushi,79114,sushi,
violin,79022,violin,
bat,78928,bat,
meat on bone,78534,meatxonxbone,
musical keyboard,78271,musicalxkeyboard,
oncoming automobile,77704,oncomingxautomobile,
green salad,77373,greenxsalad,
clapper board,77282,clapperxboard,
pancakes,77101,pancakes,
nazar amulet,77093,nazarxamulet,
horse racing,76959,horsexracing,
flag for brazil,76747,flagxforxbrazil,
whale,76585,whale,
medium black circle,76527,mediumxblackxcircle,
sleuth or spy,76418,sleuthxorxspy,
video game,76112,videoxgame,
skier,75539,skier,
person in steamy room,75464,personxinxsteamyxroom,
steaming bowl,75347,steamingxbowl,
banknote with pound sign,75320,banknotexwithxpoundxsign,
drum with drumsticks,75310,drumxwithxdrumsticks,
croissant,74919,croissant,
pig,74767,pig,
dragon,74175,dragon,
cloud with lightning,73829,cloudxwithxlightning,
technologist,73323,technologist,
fleur de lis,72924,fleurxdexlis,
cow,72521,cow,
house building,72193,housexbuilding,
singer,71897,singer,
artist palette,71880,artistxpalette,
melon,71687,melon,
cook,71616,cook,
student,71567,student,
chestnut,71285,chestnut,
sun behind cloud,70963,sunxbehindxcloud,
black telephone,70784,blackxtelephone,
peanuts,70291,peanuts,
flag for canada,70233,flagxforxcanada,
yawning face,70131,yawningxface,
pear,70067,pear,
fog,69933,fog,
man in business suit levitating,69584,manxinxbusinessxsuitxlevitating,
saxophone,68977,saxophone,
negative squared latin capital letter b,68952,negativexsquaredxlatinxcapitalxletterxb,
top hat,68387,topxhat,
alarm clock,67947,alarmxclock,
black spade suit,67826,blackxspadexsuit,
coconut,67655,coconut,
upwards black arrow,67608,upwardsxblackxarrow,
kiwifruit,67509,kiwifruit,
public address loudspeaker,67502,publicxaddressxloudspeaker,
dragon face,67484,dragonxface,
shark,66915,shark,
athletic shoe,66900,athleticxshoe,
white sun behind cloud with rain,66723,whitexsunxbehindxcloudxwithxrain,
ice cream,66270,icexcream,
rat,66184,rat,
bento box,66167,bentoxbox,
poodle,66036,poodle,
boar,65918,boar,
flag in hole,65613,flagxinxhole,
volcano,64733,volcano,
flag for portugal,64183,flagxforxportugal,
statue of liberty,64106,statuexofxliberty,
heavy plus sign,63679,heavyxplusxsign,
billiards,63616,billiards,
shrimp,63564,shrimp,
first quarter moon with face,63528,firstxquarterxmoonxwithxface,
guardsman,63506,guardsman,
new moon symbol,63455,newxmoonxsymbol,
brown heart,63275,brownxheart,
racing motorcycle,63193,racingxmotorcycle,
speech balloon,63154,speechxballoon,
health worker,62899,healthxworker,
person in lotus position,62537,personxinxlotusxposition,
moyai,62412,moyai,
speaker with three sound waves,62109,speakerxwithxthreexsoundxwaves,
mother christmas,61222,motherxchristmas,
t rex,61163,txrex,
cooked rice,60851,cookedxrice,
flag for puerto rico,60696,flagxforxpuertoxrico,
toilet,60673,toilet,
link symbol,60544,linkxsymbol,
dango,60473,dango,
hammer,60194,hammer,
baguette bread,59705,baguettexbread,
full moon symbol,59593,fullxmoonxsymbol,
no entry,59383,noxentry,
racing car,58842,racingxcar,
shower,58634,shower,
cupcake,58225,cupcake,
black diamond suit,58196,blackxdiamondxsuit,
glass of milk,58098,glassxofxmilk,
wavy dash,57994,wavyxdash,
latin cross,57682,latinxcross,
last quarter moon with face,57512,lastxquarterxmoonxwithxface,
soon with rightwards arrow above,57391,soonxwithxrightwardsxarrowxabove,
personal computer,57357,personalxcomputer,
teacup without handle,57118,teacupxwithoutxhandle,
bow and arrow,56879,bowxandxarrow,
airplane arriving,55594,airplanexarriving,
flag for sweden,55538,flagxforxsweden,
roasted sweet potato,55529,roastedxsweetxpotato,
jeans,54947,jeans,
rowboat,54765,rowboat,
cheering megaphone,54315,cheeringxmegaphone,
second place medal,54138,secondxplacexmedal,
heavy multiplication x,53823,heavyxmultiplicationxx,
construction worker,53765,constructionxworker,
registered sign,53635,registeredxsign,
white sun behind cloud,53236,whitexsunxbehindxcloud,
ram,52860,ram,
lizard,52810,lizard,
hourglass with flowing sand,52180,hourglassxwithxflowingxsand,
triangular flag on post,51355,triangularxflagxonxpost,
pot of food,50531,potxofxfood,
electric plug,50387,electricxplug,
eyeglasses,50219,eyeglasses,
vampire,50033,vampire,
flag for australia,49868,flagxforxaustralia,
small airplane,49637,smallxairplane,
white question mark ornament,49456,whitexquestionxmarkxornament,
deer,49424,deer,
custard,49355,custard,
black square button,49292,blackxsquarexbutton,
squid,49075,squid,
film projector,49045,filmxprojector,
wedding,48974,wedding,
tiger,48659,tiger,
memo,48581,memo,
rugby football,48535,rugbyxfootball,
white exclamation mark ornament,48300,whitexexclamationxmarkxornament,
permanent paper sign,48086,permanentxpaperxsign,
banknote with yen sign,47825,banknotexwithxyenxsign,
broccoli,47647,broccoli,
blowfish,47597,blowfish,
genie,47499,genie,
person with ball,47194,personxwithxball,
sleeping accommodation,46715,sleepingxaccommodation,
fish cake with swirl design,46685,fishxcakexwithxswirlxdesign,
bactrian camel,46575,bactrianxcamel,
snowboarder,46527,snowboarder,
ox,46367,ox,
fuel pump,46325,fuelxpump,
leopard,46266,leopard,
mage,45984,mage,
military medal,45827,militaryxmedal,
ice hockey stick and puck,45666,icexhockeyxstickxandxpuck,
flag for albania,45590,flagxforxalbania,
japanese dolls,45510,japanesexdolls,
flag for russia,45386,flagxforxrussia,
bowling,44853,bowling,
cut of meat,44738,cutxofxmeat,
hole,44375,hole,
fire engine,44262,firexengine,
reminder ribbon,44206,reminderxribbon,
sauropod,44145,sauropod,
put litter in its place symbol,43676,putxlitterxinxitsxplacexsymbol,
flag for japan,43658,flagxforxjapan,
black universal recycling symbol,43613,blackxuniversalxrecyclingxsymbol,
octagonal sign,43585,octagonalxsign,
pine decoration,43483,pinexdecoration,
family man woman boy boy,43459,familyxmanxwomanxboyxboy,
flag for switzerland,43315,flagxforxswitzerland,
hedgehog,43224,hedgehog,
level slider,43172,levelxslider,
bus,42855,bus,
steam locomotive,42498,steamxlocomotive,
sunrise over mountains,42370,sunrisexoverxmountains,
back with leftwards arrow above,42342,backxwithxleftwardsxarrowxabove,
dromedary camel,42253,dromedaryxcamel,
chains,42167,chains,
ferris wheel,41977,ferrisxwheel,
curry and rice,41944,curryxandxrice,
ambulance,41693,ambulance,
game die,41570,gamexdie,
small blue diamond,41305,smallxbluexdiamond,
teacher,41288,teacher,
cup with straw,41107,cupxwithxstraw,
pilot,40977,pilot,
umbrella,40944,umbrella,
mountain bicyclist,40863,mountainxbicyclist,
high brightness symbol,40849,highxbrightnessxsymbol,
right anger bubble,40646,rightxangerxbubble,
table tennis paddle and ball,40558,tablextennisxpaddlexandxball,
black club suit,40189,blackxclubxsuit,
elf,39707,elf,
black small square,39577,blackxsmallxsquare,
flag for saudi arabia,39504,flagxforxsaudixarabia,
pretzel,39504,pretzel,
mount fuji,39503,mountxfuji,
farmer,39466,farmer,
flag for south korea,39316,flagxforxsouthxkorea,
mans shoe,39308,mansxshoe,
kaaba,39260,kaaba,
ice skate,39147,icexskate,
control knobs,39073,controlxknobs,
handbag,38769,handbag,
office worker,38734,officexworker,
purse,38630,purse,
admission tickets,38523,admissionxtickets,
family man woman girl girl,38440,familyxmanxwomanxgirlxgirl,
womans hat,38400,womansxhat,
t shirt,38367,txshirt,
wastebasket,38360,wastebasket,
school satchel,37854,schoolxsatchel,
stopwatch,37668,stopwatch,
womans clothes,37589,womansxclothes,
bell,37497,bell,
sailboat,37419,sailboat,
film frames,37393,filmxframes,
taxi,37363,taxi,
eye in speech bubble,37328,eyexinxspeechxbubble,
water buffalo,37324,waterxbuffalo,
bathtub,37281,bathtub,
thermometer,37204,thermometer,
globe with meridians,36903,globexwithxmeridians,
bearded person,36718,beardedxperson,
playing card black joker,36699,playingxcardxblackxjoker,
old key,36528,oldxkey,
billed cap,36407,billedxcap,
battery,36372,battery,
womans boots,36213,womansxboots,
white flag,36196,whitexflag,
flag for afghanistan,35914,flagxforxafghanistan,
firefighter,35807,firefighter,
flag for norway,35559,flagxforxnorway,
person red hair,35512,personxredxhair,
open book,35300,openxbook,
copyright sign,35278,copyrightxsign,
cricket,35237,cricket,
stuffed flatbread,35109,stuffedxflatbread,
pencil,34851,pencil,
rice ball,34839,ricexball,
castle,34819,castle,
shallow pan of food,34773,shallowxpanxofxfood,
bicycle,34686,bicycle,
closed umbrella,34636,closedxumbrella,
mouse,34602,mouse,
martial arts uniform,34500,martialxartsxuniform,
trident emblem,34205,tridentxemblem,
curly loop,33869,curlyxloop,
mountain,33580,mountain,
wrestlers,33577,wrestlers,
oncoming police car,33294,oncomingxpolicexcar,
carp streamer,33145,carpxstreamer,
flag for dominican republic,33144,flagxforxdominicanxrepublic,
astronaut,33080,astronaut,
handball,33010,handball,
squared ok,32960,squaredxok,
roller coaster,32919,rollerxcoaster,
artist,32910,artist,
flag for netherlands,32675,flagxforxnetherlands,
hospital,32638,hospital,
black flag,32629,blackxflag,
foot,32559,foot,
helmet with white cross,32500,helmetxwithxwhitexcross,
tanabata tree,32469,tanabataxtree,
night with stars,32465,nightxwithxstars,
ski and ski boot,32423,skixandxskixboot,
snow capped mountain,32397,snowxcappedxmountain,
joystick,32148,joystick,
necktie,32112,necktie,
package,32107,package,
person with headscarf,31902,personxwithxheadscarf,
black large square,31856,blackxlargexsquare,
man with gua pi mao,31740,manxwithxguaxpixmao,
helicopter,31596,helicopter,
small orange diamond,31542,smallxorangexdiamond,
flag for greece,31529,flagxforxgreece,
police car,31444,policexcar,
flag for india,31374,flagxforxindia,
flag for china,31277,flagxforxchina,
cancer,31195,cancer,
up pointing red triangle,31154,upxpointingxredxtriangle,
scientist,31077,scientist,
delivery truck,30999,deliveryxtruck,
sake bottle and cup,30854,sakexbottlexandxcup,
name badge,30790,namexbadge,
circus tent,30716,circusxtent,
womans sandal,30575,womansxsandal,
squared cool,30349,squaredxcool,
watch,30334,watch,
diamond shape with a dot inside,29988,diamondxshapexwithxaxdotxinside,
family woman girl,29919,familyxwomanxgirl,
busts in silhouette,29636,bustsxinxsilhouette,
oden,29548,oden,
passenger ship,29431,passengerxship,
third place medal,29403,thirdxplacexmedal,
world map,29373,worldxmap,
flag for belgium,29172,flagxforxbelgium,
person curly hair,29154,personxcurlyxhair,
prayer beads,29123,prayerxbeads,
goal net,28905,goalxnet,
flag for jamaica,28832,flagxforxjamaica,
flag for israel,28801,flagxforxisrael,
desktop computer,28622,desktopxcomputer,
pie,28526,pie,
negative squared latin capital letter a,28514,negativexsquaredxlatinxcapitalxletterxa,
carousel horse,28480,carouselxhorse,
tent,28468,tent,
automated teller machine,28337,automatedxtellerxmachine,
flag for argentina,28250,flagxforxargentina,
mechanical arm,28147,mechanicalxarm,
tractor,28088,tractor,
judge,28019,judge,
barber pole,27616,barberxpole,
church,27606,church,
badminton racquet and shuttlecock,27483,badmintonxracquetxandxshuttlecock,
bust in silhouette,27405,bustxinxsilhouette,
cricket bat and ball,27320,cricketxbatxandxball,
briefcase,27005,briefcase,
flag for england,26964,flagxforxengland,
spoon,26951,spoon,
mosque,26936,mosque,
minibus,26906,minibus,
waxing crescent moon symbol,26896,waxingxcrescentxmoonxsymbol,
yin yang,26882,yinxyang,
squared vs,26877,squaredxvs,
motor boat,26851,motorxboat,
tokyo tower,26766,tokyoxtower,
slot machine,26754,slotxmachine,
open lock,26704,openxlock,
rice cracker,26606,ricexcracker,
office building,26419,officexbuilding,
end with leftwards arrow above,26353,endxwithxleftwardsxarrowxabove,
waning crescent moon symbol,26346,waningxcrescentxmoonxsymbol,
fencer,26305,fencer,
flag for tunisia,26301,flagxforxtunisia,
television,26233,television,
tooth,26109,tooth,
white large square,26089,whitexlargexsquare,
rosette,26059,rosette,
camping,25784,camping,
leftwards black arrow,25646,leftwardsxblackxarrow,
flag for colombia,25622,flagxforxcolombia,
bed,25510,bed,
waxing gibbous moon symbol,25433,waxingxgibbousxmoonxsymbol,
anger symbol,25276,angerxsymbol,
flag for united arab emirates,25041,flagxforxunitedxarabxemirates,
down pointing red triangle,25033,downxpointingxredxtriangle,
field hockey stick and ball,24925,fieldxhockeyxstickxandxball,
flag for armenia,24921,flagxforxarmenia,
giraffe face,24804,giraffexface,
lower left paintbrush,24773,lowerxleftxpaintbrush,
lower left crayon,24718,lowerxleftxcrayon,
love hotel,24661,lovexhotel,
motor scooter,24650,motorxscooter,
last quarter moon,24550,lastxquarterxmoon,
on with exclamation mark with left right arrow above,24519,onxwithxexclamationxmarkxwithxleftxrightxarrowxabove,
first quarter moon,24458,firstxquarterxmoon,
waning gibbous moon symbol,24418,waningxgibbousxmoonxsymbol,
firecracker,24282,firecracker,
hourglass,24246,hourglass,
hot springs,24202,hotxsprings,
izakaya lantern,24191,izakayaxlantern,
person white hair,24182,personxwhitexhair,
credit card,24173,creditxcard,
dumpling,24124,dumpling,
speedboat,23837,speedboat,
flag for croatia,23684,flagxforxcroatia,
kimono,23618,kimono,
sandwich,23400,sandwich,
articulated lorry,23330,articulatedxlorry,
flag for honduras,23189,flagxforxhonduras,
sunset over buildings,23170,sunsetxoverxbuildings,
hammer and wrench,23056,hammerxandxwrench,
water polo,22992,waterxpolo,
shield,22979,shield,
leg,22893,leg,
wind chime,22890,windxchime,
rhinoceros,22849,rhinoceros,
double curly loop,22771,doublexcurlyxloop,
alembic,22682,alembic,
white small square,22576,whitexsmallxsquare,
juggling,22562,juggling,
flag for thailand,22374,flagxforxthailand,
negative squared latin capital letter o,22373,negativexsquaredxlatinxcapitalxletterxo,
factory worker,22361,factoryxworker,
orangutan,22256,orangutan,
moon viewing ceremony,22120,moonxviewingxceremony,
black medium square,22039,blackxmediumxsquare,
electric torch,22032,electricxtorch,
shinto shrine,22005,shintoxshrine,
mechanic,21872,mechanic,
video camera,21855,videoxcamera,
peace symbol,21718,peacexsymbol,
flag for cote divoire,21628,flagxforxcotexdivoire,
large blue diamond,21608,largexbluexdiamond,
crossed flags,21571,crossedxflags,
mantelpiece clock,21476,mantelpiecexclock,
bowl with spoon,21387,bowlxwithxspoon,
bone,21346,bone,
part alternation mark,21330,partxalternationxmark,
wheelchair symbol,21285,wheelchairxsymbol,
leafy green,21244,leafyxgreen,
derelict house building,21099,derelictxhousexbuilding,
pick,21075,pick,
circled latin capital letter m,21065,circledxlatinxcapitalxletterxm,
om symbol,20776,omxsymbol,
oncoming taxi,20743,oncomingxtaxi,
cityscape,20708,cityscape,
vertical traffic light,20668,verticalxtrafficxlight,
baby symbol,20620,babyxsymbol,
stadium,20600,stadium,
running shirt with sash,20569,runningxshirtxwithxsash,
ship,20466,ship,
flag for guatemala,20361,flagxforxguatemala,
fountain,20150,fountain,
optical disc,20111,opticalxdisc,
family woman boy,20001,familyxwomanxboy,
envelope with downwards arrow above,19998,envelopexwithxdownwardsxarrowxabove,
person bald,19952,personxbald,
chopsticks,19948,chopsticks,
zebra face,19914,zebraxface,
pinching hand,19755,pinchingxhand,
flag for cambodia,19664,flagxforxcambodia,
large orange diamond,19590,largexorangexdiamond,
white flower,19483,whitexflower,
door,19479,door,
red gift envelope,19370,redxgiftxenvelope,
family man girl,19310,familyxmanxgirl,
takeout box,19139,takeoutxbox,
flag for chile,18968,flagxforxchile,
currency exchange,18794,currencyxexchange,
hammer and pick,18778,hammerxandxpick,
desert,18774,desert,
family woman woman girl boy,18612,familyxwomanxwomanxgirlxboy,
synagogue,18544,synagogue,
pouch,18412,pouch,
cityscape at dusk,18407,cityscapexatxdusk,
family woman woman boy,18373,familyxwomanxwomanxboy,
flying saucer,18183,flyingxsaucer,
mango,18148,mango,
person climbing,18128,personxclimbing,
family woman woman girl girl,18103,familyxwomanxwomanxgirlxgirl,
family woman woman girl,18091,familyxwomanxwomanxgirl,
seat,18054,seat,
scales,17832,scales,
japanese castle,17804,japanesexcastle,
negative squared latin capital letter p,17767,negativexsquaredxlatinxcapitalxletterxp,
low brightness symbol,17697,lowxbrightnessxsymbol,
squared up with exclamation mark,17685,squaredxupxwithxexclamationxmark,
national park,17667,nationalxpark,
gloves,17629,gloves,
house buildings,17551,housexbuildings,
lock with ink pen,17540,lockxwithxinkxpen,
flag for ukraine,17531,flagxforxukraine,
flag for philippines,17466,flagxforxphilippines,
arrow pointing rightwards then curving downwards,17453,arrowxpointingxrightwardsxthenxcurvingxdownwards,
flag for ireland,17451,flagxforxireland,
closed book,17382,closedxbook,
classical building,17341,classicalxbuilding,
wrench,17274,wrench,
japanese symbol for beginner,17220,japanesexsymbolxforxbeginner,
flag for iraq,17186,flagxforxiraq,
nut and bolt,17180,nutxandxbolt,
bank,17160,bank,
peacock,17136,peacock,
flag for cuba,16997,flagxforxcuba,
flag for haiti,16984,flagxforxhaiti,
superhero,16851,superhero,
supervillain,16843,supervillain,
gear,16773,gear,
parrot,16758,parrot,
oncoming bus,16627,oncomingxbus,
foggy,16576,foggy,
dvd,16552,dvd,
notebook,16451,notebook,
flag for austria,16429,flagxforxaustria,
black right pointing triangle,16272,blackxrightxpointingxtriangle,
school,16183,school,
flag for azerbaijan,16168,flagxforxazerbaijan,
pirate flag,16094,piratexflag,
lobster,16086,lobster,
trolleybus,16085,trolleybus,
no mobile phones,15989,noxmobilexphones,
negative squared cross mark,15927,negativexsquaredxcrossxmark,
motorway,15905,motorway,
children crossing,15796,childrenxcrossing,
family man man boy boy,15737,familyxmanxmanxboyxboy,
canned food,15553,cannedxfood,
family woman woman boy boy,15544,familyxwomanxwomanxboyxboy,
bridge at night,15503,bridgexatxnight,
family man man girl boy,15481,familyxmanxmanxgirlxboy,
keycap ten,15471,keycapxten,
flag for palestinian territories,15438,flagxforxpalestinianxterritories,
squared new,15403,squaredxnew,
scooter,15328,scooter,
flag for poland,15298,flagxforxpoland,
railway car,15151,railwayxcar,
sparkle,15115,sparkle,
fortune cookie,15111,fortunexcookie,
flag for scotland,15047,flagxforxscotland,
family woman girl boy,15035,familyxwomanxgirlxboy,
chart with upwards trend,15011,chartxwithxupwardsxtrend,
left pointing magnifying glass,14991,leftxpointingxmagnifyingxglass,
keyboard,14980,keyboard,
department store,14959,departmentxstore,
high speed train,14867,highxspeedxtrain,
moon cake,14847,moonxcake,
hotel,14806,hotel,
scarf,14784,scarf,
black medium small square,14721,blackxmediumxsmallxsquare,
left speech bubble,14711,leftxspeechxbubble,
mosquito,14684,mosquito,
ferry,14607,ferry,
deaf person,14582,deafxperson,
family man man boy,14539,familyxmanxmanxboy,
amphora,14321,amphora,
scorpius,14313,scorpius,
flag for iran,14264,flagxforxiran,
clockwise rightwards and leftwards open circle arrows,14262,clockwisexrightwardsxandxleftwardsxopenxcirclexarrows,
aquarius,14252,aquarius,
satellite,14178,satellite,
flag for peru,14085,flagxforxperu,
leo,14064,leo,
envelope,14055,envelope,
satellite antenna,13878,satellitexantenna,
mahjong tile red dragon,13686,mahjongxtilexredxdragon,
frame with picture,13681,framexwithxpicture,
shopping trolley,13487,shoppingxtrolley,
flag for serbia,13365,flagxforxserbia,
lower left ballpoint pen,13346,lowerxleftxballpointxpen,
family man man girl,13341,familyxmanxmanxgirl,
flag for andorra,13292,flagxforxandorra,
flag for congo kinshasa,13265,flagxforxcongoxkinshasa,
right pointing magnifying glass,13239,rightxpointingxmagnifyingxglass,
star of david,13220,starxofxdavid,
bellhop bell,13192,bellhopxbell,
otter,13184,otter,
construction sign,13142,constructionxsign,
bagel,12999,bagel,
flag for venezuela,12996,flagxforxvenezuela,
couch and lamp,12965,couchxandxlamp,
three button mouse,12898,threexbuttonxmouse,
flag for finland,12873,flagxforxfinland,
aries,12867,aries,
flag for pakistan,12837,flagxforxpakistan,
socks,12801,socks,
green book,12790,greenxbook,
microbe,12699,microbe,
railway track,12681,railwayxtrack,
flag for lebanon,12533,flagxforxlebanon,
womens symbol,12531,womensxsymbol,
tear off calendar,12522,tearxoffxcalendar,
radio button,12515,radioxbutton,
heavy division sign,12504,heavyxdivisionxsign,
flag for egypt,12494,flagxforxegypt,
sloth,12456,sloth,
flag for bosnia herzegovina,12418,flagxforxbosniaxherzegovina,
family man man girl girl,12377,familyxmanxmanxgirlxgirl,
blue book,12359,bluexbook,
family man boy,12313,familyxmanxboy,
softball,12257,softball,
white square button,12245,whitexsquarexbutton,
canoe,12238,canoe,
newspaper,12234,newspaper,
funeral urn,12231,funeralxurn,
ledger,12195,ledger,
flag for kuwait,12157,flagxforxkuwait,
eight spoked asterisk,12139,eightxspokedxasterisk,
squared free,12138,squaredxfree,
mountain railway,12053,mountainxrailway,
white medium square,11893,whitexmediumxsquare,
number sign,11883,numberxsign,
postbox,11819,postbox,
flamingo,11806,flamingo,
flower playing cards,11787,flowerxplayingxcards,
flag for antarctica,11765,flagxforxantarctica,
high speed train with bullet nose,11760,highxspeedxtrainxwithxbulletxnose,
timer clock,11748,timerxclock,
down pointing small red triangle,11734,downxpointingxsmallxredxtriangle,
flag for qatar,11691,flagxforxqatar,
open mailbox with raised flag,11687,openxmailboxxwithxraisedxflag,
coat,11671,coat,
bell with cancellation stroke,11642,bellxwithxcancellationxstroke,
speaker with one sound wave,11628,speakerxwithxonexsoundxwave,
dna double helix,11620,dnaxdoublexhelix,
telescope,11522,telescope,
no smoking symbol,11477,noxsmokingxsymbol,
speaker,11323,speaker,
flag for costa rica,11321,flagxforxcostaxrica,
star and crescent,11307,starxandxcrescent,
flag for angola,11273,flagxforxangola,
flag for antigua barbuda,11273,flagxforxantiguaxbarbuda,
ticket,11244,ticket,
microscope,11232,microscope,
flag for anguilla,11223,flagxforxanguilla,
family woman girl girl,11077,familyxwomanxgirlxgirl,
tram,11054,tram,
squared id,11037,squaredxid,
ice cube,11029,icexcube,
flag for liberia,10970,flagxforxliberia,
gemini,10970,gemini,
drop of blood,10961,dropxofxblood,
inbox tray,10911,inboxxtray,
black right pointing double triangle,10904,blackxrightxpointingxdoublextriangle,
lower left fountain pen,10886,lowerxleftxfountainxpen,
rolled up newspaper,10863,rolledxupxnewspaper,
flag for wales,10824,flagxforxwales,
flag for vietnam,10799,flagxforxvietnam,
potable water symbol,10783,potablexwaterxsymbol,
monorail,10685,monorail,
flag for bulgaria,10672,flagxforxbulgaria,
train,10659,train,
flag for nigeria,10655,flagxforxnigeria,
flag for indonesia,10630,flagxforxindonesia,
speaker with cancellation stroke,10616,speakerxwithxcancellationxstroke,
tram car,10609,tramxcar,
flag for georgia,10548,flagxforxgeorgia,
flag for bangladesh,10524,flagxforxbangladesh,
flag for kosovo,10502,flagxforxkosovo,
passport control,10432,passportxcontrol,
flag for aruba,10343,flagxforxaruba,
silhouette of japan,10331,silhouettexofxjapan,
flag for ecuador,10324,flagxforxecuador,
calendar,10294,calendar,
sagittarius,10285,sagittarius,
flag for senegal,10249,flagxforxsenegal,
anticlockwise downwards and upwards open circle arrows,10231,anticlockwisexdownwardsxandxupwardsxopenxcirclexarrows,
pisces,10177,pisces,
virgo,10107,virgo,
european post office,10072,europeanxpostxoffice,
horizontal traffic light,10021,horizontalxtrafficxlight,
taurus,9973,taurus,
flag for american samoa,9898,flagxforxamericanxsamoa,
family woman boy boy,9888,familyxwomanxboyxboy,
capricorn,9822,capricorn,
flag for reunion,9773,flagxforxreunion,
flag for el salvador,9745,flagxforxelxsalvador,
libra,9728,libra,
oil drum,9660,oilxdrum,
circled ideograph advantage,9652,circledxideographxadvantage,
curling stone,9647,curlingxstone,
arrow pointing rightwards then curving upwards,9624,arrowxpointingxrightwardsxthenxcurvingxupwards,
orange book,9572,orangexbook,
llama,9549,llama,
station,9487,station,
flag for nicaragua,9470,flagxforxnicaragua,
convenience store,9469,conveniencexstore,
jigsaw puzzle piece,9427,jigsawxpuzzlexpiece,
paperclip,9414,paperclip,
white medium small square,9328,whitexmediumxsmallxsquare,
mens symbol,9300,mensxsymbol,
squared cjk unified ideograph 6e80,9279,squaredxcjkxunifiedxideographx6e80,
spiral calendar pad,9214,spiralxcalendarxpad,
ball of yarn,9180,ballxofxyarn,
ringed planet,9174,ringedxplanet,
flag for hungary,9102,flagxforxhungary,
metro,9058,metro,
hippopotamus,9047,hippopotamus,
flag for european union,9035,flagxforxeuropeanxunion,
radioactive sign,8990,radioactivexsign,
chart with downwards trend,8979,chartxwithxdownwardsxtrend,
black nib,8958,blackxnib,
straight ruler,8929,straightxruler,
flag for iceland,8898,flagxforxiceland,
north east arrow,8822,northxeastxarrow,
up pointing small red triangle,8814,upxpointingxsmallxredxtriangle,
building construction,8804,buildingxconstruction,
bar chart,8793,barxchart,
e mail symbol,8760,exmailxsymbol,
flag for south africa,8725,flagxforxsouthxafrica,
six pointed star with middle dot,8668,sixxpointedxstarxwithxmiddlexdot,
squared cjk unified ideograph 7981,8648,squaredxcjkxunifiedxideographx7981,
family man girl girl,8643,familyxmanxgirlxgirl,
south east arrow,8630,southxeastxarrow,
flag for cameroon,8630,flagxforxcameroon,
place of worship,8614,placexofxworship,
clock face two oclock,8613,clockxfacextwoxoclock,
factory,8612,factory,
squared cl,8603,squaredxcl,
flag for bahrain,8541,flagxforxbahrain,
no pedestrians,8538,noxpedestrians,
flag for kazakhstan,8462,flagxforxkazakhstan,
flag for barbados,8453,flagxforxbarbados,
scroll,8403,scroll,
customs,8331,customs,
radio,8274,radio,
light rail,8267,lightxrail,
trackball,8263,trackball,
circled ideograph congratulation,8224,circledxideographxcongratulation,
flag for new zealand,8213,flagxforxnewxzealand,
fax machine,8197,faxxmachine,
baggage claim,8190,baggagexclaim,
family man girl boy,8186,familyxmanxgirlxboy,
mobile phone off,8181,mobilexphonexoff,
clock face three oclock,8170,clockxfacexthreexoclock,
negative squared ab,8169,negativexsquaredxab,
flag for somalia,8136,flagxforxsomalia,
page facing up,8100,pagexfacingxup,
antenna with bars,8064,antennaxwithxbars,
non potable water symbol,8026,nonxpotablexwaterxsymbol,
flag for greenland,8006,flagxforxgreenland,
eight pointed black star,7977,eightxpointedxblackxstar,
notebook with decorative cover,7923,notebookxwithxdecorativexcover,
twisted rightwards arrows,7903,twistedxrightwardsxarrows,
ear with hearing aid,7878,earxwithxhearingxaid,
compression,7855,compression,
flag for yemen,7819,flagxforxyemen,
flag for malaysia,7755,flagxforxmalaysia,
flag for trinidad tobago,7708,flagxforxtrinidadxtobago,
flag for czech republic,7695,flagxforxczechxrepublic,
japanese post office,7685,japanesexpostxoffice,
flag for aland islands,7672,flagxforxalandxislands,
menorah with nine branches,7649,menorahxwithxninexbranches,
flag for panama,7599,flagxforxpanama,
flag for ghana,7597,flagxforxghana,
pager,7584,pager,
printer,7583,printer,
bar of soap,7527,barxofxsoap,
flag for syria,7524,flagxforxsyria,
swan,7507,swan,
squared cjk unified ideograph 5272,7491,squaredxcjkxunifiedxideographx5272,
circled ideograph secret,7481,circledxideographxsecret,
postal horn,7451,postalxhorn,
flag for nepal,7433,flagxforxnepal,
clock face twelve oclock,7422,clockxfacextwelvexoclock,
clock face four oclock,7422,clockxfacexfourxoclock,
flag for romania,7418,flagxforxromania,
clock face six oclock,7416,clockxfacexsixxoclock,
flag for guinea,7411,flagxforxguinea,
flag for uruguay,7402,flagxforxuruguay,
flag for guadeloupe,7397,flagxforxguadeloupe,
squared ng,7358,squaredxng,
clipboard,7349,clipboard,
closed mailbox with raised flag,7343,closedxmailboxxwithxraisedxflag,
aerial tramway,7285,aerialxtramway,
flag for mali,7281,flagxforxmali,
up down arrow,7269,upxdownxarrow,
biohazard sign,7263,biohazardxsign,
flag for laos,7262,flagxforxlaos,
flag for bahamas,7228,flagxforxbahamas,
left luggage,7201,leftxluggage,
waffle,7195,waffle,
flag for congo brazzaville,7179,flagxforxcongoxbrazzaville,
person with probing cane,7150,personxwithxprobingxcane,
triangular ruler,7141,triangularxruler,
clock face ten oclock,7115,clockxfacextenxoclock,
guide dog,7109,guidexdog,
kangaroo,7098,kangaroo,
flying disc,7053,flyingxdisc,
minidisc,7032,minidisc,
skateboard,7015,skateboard,
clock face seven oclock,6970,clockxfacexsevenxoclock,
spiral note pad,6958,spiralxnotexpad,
safety pin,6948,safetyxpin,
closed mailbox with lowered flag,6930,closedxmailboxxwithxloweredxflag,
clockwise downwards and upwards open circle arrows,6921,clockwisexdownwardsxandxupwardsxopenxcirclexarrows,
water closet,6915,waterxcloset,
do not litter symbol,6881,doxnotxlitterxsymbol,
salt shaker,6879,saltxshaker,
file folder,6852,filexfolder,
bus stop,6843,busxstop,
onion,6832,onion,
flag for cape verde,6813,flagxforxcapexverde,
service dog,6813,servicexdog,
family man boy boy,6757,familyxmanxboyxboy,
flag for guyana,6724,flagxforxguyana,
roll of paper,6707,rollxofxpaper,
card index,6680,cardxindex,
black down pointing double triangle,6608,blackxdownxpointingxdoublextriangle,
clock face one oclock,6606,clockxfacexonexoclock,
kneeling person,6604,kneelingxperson,
clock face nine oclock,6596,clockxfacexninexoclock,
flag for bolivia,6562,flagxforxbolivia,
flag myanmar burma,6558,flagxmyanmarxburma,
black circle for record,6490,blackxcirclexforxrecord,
flag for hong kong,6477,flagxforxhongxkong,
squared cjk unified ideograph 6709,6472,squaredxcjkxunifiedxideographx6709,
page with curl,6441,pagexwithxcurl,
mountain cableway,6437,mountainxcableway,
south west arrow,6417,southxwestxarrow,
clock face eight oclock,6406,clockxfacexeightxoclock,
bookmark tabs,6301,bookmarkxtabs,
black left pointing triangle,6250,blackxleftxpointingxtriangle,
skunk,6241,skunk,
suspension railway,6208,suspensionxrailway,
hiking boot,6203,hikingxboot,
broom,6201,broom,
outbox tray,6192,outboxxtray,
floppy disk,6187,floppyxdisk,
flag for eritrea,6161,flagxforxeritrea,
vibration mode,6152,vibrationxmode,
flag for sri lanka,6109,flagxforxsrixlanka,
beverage box,6039,beveragexbox,
flag for burkina faso,6037,flagxforxburkinaxfaso,
large red square,6023,largexredxsquare,
clock face eleven oclock,6020,clockxfacexelevenxoclock,
incoming envelope,6013,incomingxenvelope,
luggage,6010,luggage,
flag for jordan,5948,flagxforxjordan,
card index dividers,5924,cardxindexxdividers,
test tube,5898,testxtube,
person in motorized wheelchair,5893,personxinxmotorizedxwheelchair,
orthodox cross,5893,orthodoxxcross,
atom symbol,5877,atomxsymbol,
clock face five oclock,5876,clockxfacexfivexoclock,
flag for singapore,5846,flagxforxsingapore,
squared cjk unified ideograph 5408,5825,squaredxcjkxunifiedxideographx5408,
standing person,5817,standingxperson,
label,5780,label,
flag for taiwan,5731,flagxforxtaiwan,
flag for latvia,5719,flagxforxlatvia,
flag for macedonia,5702,flagxforxmacedonia,
black left pointing double triangle,5676,blackxleftxpointingxdoublextriangle,
magnet,5665,magnet,
videocassette,5643,videocassette,
ballot box with ballot,5623,ballotxboxxwithxballot,
flag for grenada,5621,flagxforxgrenada,
badger,5599,badger,
flag for oman,5597,flagxforxoman,
open mailbox with lowered flag,5592,openxmailboxxwithxloweredxflag,
file cabinet,5586,filexcabinet,
bookmark,5570,bookmark,
garlic,5555,garlic,
north west arrow,5543,northxwestxarrow,
flag for monaco,5540,flagxforxmonaco,
flag for madagascar,5523,flagxforxmadagascar,
clock face four thirty,5517,clockxfacexfourxthirty,
squared cjk unified ideograph 7121,5506,squaredxcjkxunifiedxideographx7121,
flag for lithuania,5487,flagxforxlithuania,
flag for montenegro,5485,flagxforxmontenegro,
flag for tajikistan,5477,flagxforxtajikistan,
clock face three thirty,5450,clockxfacexthreexthirty,
flag for comoros,5441,flagxforxcomoros,
information source,5434,informationxsource,
no bicycles,5430,noxbicycles,
ballet shoes,5424,balletxshoes,
double vertical bar,5420,doublexverticalxbar,
clockwise rightwards and leftwards open circle arrows with circled one overlay,5416,clockwisexrightwardsxandxleftwardsxopenxcirclexarrowsxwithxcircledxonexoverlay,
flag for cyprus,5411,flagxforxcyprus,
flag for estonia,5396,flagxforxestonia,
flag for belarus,5322,flagxforxbelarus,
large blue square,5309,largexbluexsquare,
squared cjk unified ideograph 6307,5308,squaredxcjkxunifiedxideographx6307,
raccoon,5269,raccoon,
black square for stop,5253,blackxsquarexforxstop,
flag for cook islands,5249,flagxforxcookxislands,
fire extinguisher,5206,firexextinguisher,
flag for martinique,5193,flagxforxmartinique,
restroom,5188,restroom,
open file folder,5182,openxfilexfolder,
flag for fiji,5167,flagxforxfiji,
clock face two thirty,5163,clockxfacextwoxthirty,
flag for luxembourg,5135,flagxforxluxembourg,
squared cjk unified ideograph 7a7a,5130,squaredxcjkxunifiedxideographx7a7a,
card file box,5115,cardxfilexbox,
flag for kyrgyzstan,5115,flagxforxkyrgyzstan,
mechanical leg,5109,mechanicalxleg,
flag for bhutan,5096,flagxforxbhutan,
flag for botswana,5075,flagxforxbotswana,
clock face five thirty,5067,clockxfacexfivexthirty,
leftwards arrow with hook,5047,leftwardsxarrowxwithxhook,
flag for benin,5025,flagxforxbenin,
clock face six thirty,5017,clockxfacexsixxthirty,
clock face seven thirty,4992,clockxfacexsevenxthirty,
sponge,4987,sponge,
sled,4980,sled,
person in manual wheelchair,4970,personxinxmanualxwheelchair,
flag for paraguay,4969,flagxforxparaguay,
oyster,4961,oyster,
black right pointing double triangle with vertical bar,4939,blackxrightxpointingxdoublextrianglexwithxverticalxbar,
black chess pawn,4927,blackxchessxpawn,
flag for mongolia,4839,flagxforxmongolia,
rightwards arrow with hook,4838,rightwardsxarrowxwithxhook,
squared cjk unified ideograph 55b6,4816,squaredxcjkxunifiedxideographx55b6,
flag for isle of man,4814,flagxforxislexofxman,
flag for burundi,4791,flagxforxburundi,
flat shoe,4769,flatxshoe,
flag for slovakia,4755,flagxforxslovakia,
clock face eight thirty,4754,clockxfacexeightxthirty,
clock face one thirty,4753,clockxfacexonexthirty,
flag for mauritania,4727,flagxforxmauritania,
large green square,4724,largexgreenxsquare,
clock face ten thirty,4713,clockxfacextenxthirty,
flag for ethiopia,4688,flagxforxethiopia,
squared katakana sa,4681,squaredxkatakanaxsa,
flag for slovenia,4671,flagxforxslovenia,
flag for central african republic,4650,flagxforxcentralxafricanxrepublic,
wheel of dharma,4636,wheelxofxdharma,
flag for djibouti,4609,flagxforxdjibouti,
flag for libya,4609,flagxforxlibya,
clock face nine thirty,4607,clockxfacexninexthirty,
clock face eleven thirty,4593,clockxfacexelevenxthirty,
black up pointing double triangle,4583,blackxupxpointingxdoublextriangle,
flag for guam,4575,flagxforxguam,
flag for st barthelemy,4569,flagxforxstxbarthelemy,
squared cjk unified ideograph 7533,4560,squaredxcjkxunifiedxideographx7533,
flag for bermuda,4560,flagxforxbermuda,
squared cjk unified ideograph 6708,4555,squaredxcjkxunifiedxideographx6708,
chart with upwards trend and yen sign,4534,chartxwithxupwardsxtrendxandxyenxsign,
flag for kenya,4533,flagxforxkenya,
flag for curacao,4532,flagxforxcuracao,
large yellow square,4531,largexyellowxsquare,
left right arrow,4523,leftxrightxarrow,
flag for brunei,4511,flagxforxbrunei,
black right pointing triangle with double vertical bar,4475,blackxrightxpointingxtrianglexwithxdoublexverticalxbar,
ophiuchus,4473,ophiuchus,
flag for zimbabwe,4458,flagxforxzimbabwe,
flag for belize,4454,flagxforxbelize,
flag for north korea,4447,flagxforxnorthxkorea,
input symbol for latin letters,4431,inputxsymbolxforxlatinxletters,
flag for western sahara,4427,flagxforxwesternxsahara,
flag for gabon,4413,flagxforxgabon,
flag for cocos islands,4390,flagxforxcocosxislands,
lacrosse stick and ball,4362,lacrossexstickxandxball,
flag for us virgin islands,4356,flagxforxusxvirginxislands,
black left pointing double triangle with vertical bar,4326,blackxleftxpointingxdoublextrianglexwithxverticalxbar,
flag for faroe islands,4323,flagxforxfaroexislands,
flag for chad,4317,flagxforxchad,
flag for uzbekistan,4295,flagxforxuzbekistan,
spool of thread,4281,spoolxofxthread,
basket,4273,basket,
goggles,4244,goggles,
flag for french guiana,4239,flagxforxfrenchxguiana,
flag for tonga,4229,flagxforxtonga,
large purple square,4224,largexpurplexsquare,
circled ideograph accept,4211,circledxideographxaccept,
mate drink,4183,matexdrink,
clock face twelve thirty,4182,clockxfacextwelvexthirty,
asterisk,4160,asterisk,
flag for dominica,4159,flagxforxdominica,
input symbol for latin capital letters,4141,inputxsymbolxforxlatinxcapitalxletters,
flag for micronesia,4132,flagxforxmicronesia,
flag united nations,4090,flagxunitedxnations,
falafel,4028,falafel,
flag for caribbean netherlands,4019,flagxforxcaribbeanxnetherlands,
flag for mayotte,3997,flagxforxmayotte,
lotion bottle,3982,lotionxbottle,
flag for sierra leone,3979,flagxforxsierraxleone,
flag for suriname,3971,flagxforxsuriname,
flag for christmas island,3954,flagxforxchristmasxisland,
axe,3935,axe,
flag for sudan,3862,flagxforxsudan,
butter,3836,butter,
flag for canary islands,3832,flagxforxcanaryxislands,
flag for sint maarten,3808,flagxforxsintxmaarten,
flag for gambia,3808,flagxforxgambia,
diving mask,3806,divingxmask,
flag for st kitts nevis,3804,flagxforxstxkittsxnevis,
petri dish,3802,petrixdish,
cinema,3790,cinema,
flag for gibraltar,3783,flagxforxgibraltar,
flag for samoa,3782,flagxforxsamoa,
flag for cayman islands,3766,flagxforxcaymanxislands,
flag for guinea bissau,3743,flagxforxguineaxbissau,
flag for malta,3728,flagxforxmalta,
flag for vatican city,3705,flagxforxvaticanxcity,
flag for falkland islands,3704,flagxforxfalklandxislands,
flag for norfolk island,3682,flagxforxnorfolkxisland,
input symbol for numbers,3675,inputxsymbolxforxnumbers,
flag for south georgia south sandwich islands,3667,flagxforxsouthxgeorgiaxsouthxsandwichxislands,
flag for moldova,3647,flagxforxmoldova,
flag for st lucia,3636,flagxforxstxlucia,
parachute,3635,parachute,
flag for equatorial guinea,3629,flagxforxequatorialxguinea,
flag for niger,3625,flagxforxniger,
flag for mauritius,3608,flagxforxmauritius,
input symbol for latin small letters,3576,inputxsymbolxforxlatinxsmallxletters,
large purple circle,3566,largexpurplexcircle,
flag for british indian ocean territory,3558,flagxforxbritishxindianxoceanxterritory,
auto rickshaw,3545,autoxrickshaw,
flag for togo,3530,flagxforxtogo,
large green circle,3524,largexgreenxcircle,
flag for french polynesia,3524,flagxforxfrenchxpolynesia,
lab coat,3519,labxcoat,
flag for guernsey,3481,flagxforxguernsey,
flag for zambia,3424,flagxforxzambia,
flag for turkmenistan,3424,flagxforxturkmenistan,
flag for macau,3400,flagxforxmacau,
flag for jersey,3399,flagxforxjersey,
flag for uganda,3369,flagxforxuganda,
flag for mozambique,3335,flagxforxmozambique,
large yellow circle,3315,largexyellowxcircle,
flag for maldives,3306,flagxforxmaldives,
sari,3289,sari,
large brown square,3275,largexbrownxsquare,
flag for palau,3264,flagxforxpalau,
input symbol for symbols,3259,inputxsymbolxforxsymbols,
flag for montserrat,3228,flagxforxmontserrat,
flag for papua new guinea,3193,flagxforxpapuaxnewxguinea,
large orange square,3173,largexorangexsquare,
flag for tanzania,3128,flagxforxtanzania,
flag for new caledonia,3126,flagxforxnewxcaledonia,
adhesive bandage,3125,adhesivexbandage,
flag for kiribati,3101,flagxforxkiribati,
flag for liechtenstein,3092,flagxforxliechtenstein,
flag for northern mariana islands,3087,flagxforxnorthernxmarianaxislands,
flag for wallis futuna,3048,flagxforxwallisxfutuna,
stethoscope,3041,stethoscope,
flag for british virgin islands,3035,flagxforxbritishxvirginxislands,
flag for seychelles,3029,flagxforxseychelles,
flag for vanuatu,3013,flagxforxvanuatu,
flag for niue,3005,flagxforxniue,
razor,2986,razor,
flag for st vincent grenadines,2951,flagxforxstxvincentxgrenadines,
flag for st pierre miquelon,2942,flagxforxstxpierrexmiquelon,
flag for malawi,2940,flagxforxmalawi,
flag for lesotho,2939,flagxforxlesotho,
flag for san marino,2933,flagxforxsanxmarino,
flag for turks caicos islands,2901,flagxforxturksxcaicosxislands,
flag for rwanda,2874,flagxforxrwanda,
flag for pitcairn islands,2859,flagxforxpitcairnxislands,
flag for namibia,2838,flagxforxnamibia,
flag for south sudan,2782,flagxforxsouthxsudan,
flag for timor leste,2771,flagxforxtimorxleste,
flag for solomon islands,2709,flagxforxsolomonxislands,
flag for tuvalu,2681,flagxforxtuvalu,
flag for swaziland,2670,flagxforxswaziland,
hindu temple,2667,hinduxtemple,
flag for french southern territories,2663,flagxforxfrenchxsouthernxterritories,
flag for marshall islands,2651,flagxforxmarshallxislands,
squared katakana koko,2642,squaredxkatakanaxkoko,
flag for st helena,2641,flagxforxstxhelena,
large brown circle,2632,largexbrownxcircle,
flag for sao tome principe,2629,flagxforxsaoxtomexprincipe,
kite,2613,kite,
large orange circle,2601,largexorangexcircle,
abacus,2537,abacus,
flag for nauru,2535,flagxforxnauru,
flag for tokelau,2527,flagxforxtokelau,
banjo,2518,banjo,
one piece swimsuit,2476,onexpiecexswimsuit,
yo yo,2446,yoxyo,
safety vest,2386,safetyxvest,
brick,2318,brick,
manual wheelchair,2268,manualxwheelchair,
briefs,2230,briefs,
diya lamp,2229,diyaxlamp,
shorts,2204,shorts,
motorized wheelchair,2189,motorizedxwheelchair,
toolbox,2030,toolbox,
compass,1957,compass,
chair,1775,chair,
receipt,1688,receipt,
probing cane,1436,probingxcane,
